phone_number,first_name,last_name,email,city,address
+970 201 246 2549,Kippy,Murtimer,kmurtimer0@mysql.com,Ash Shuyūkh,6704 Waxwing Center
+86 385 799 6802,Patricia,Mariner,pmariner1@fotki.com,Weixin,42355 Eagan Drive
+504 962 427 8583,Robinet,Burgett,rburgett2@oaic.gov.au,Santa Cruz,20 Burrows Way
+62 385 213 3005,Romy,Ketteman,rketteman3@foxnews.com,Segong,516 Del Mar Court
+86 776 375 4241,Adeline,Weld,aweld4@t.co,Dengnan,9 Autumn Leaf Way
+420 754 826 5336,Luciano,Renwick,lrenwick5@ucoz.com,Terezín,010 Monument Way
+385 466 278 1951,Christie,Trewhella,ctrewhella6@sina.com.cn,Rešetari,1202 Crest Line Point
+234 949 379 2479,Errol,Reddihough,ereddihough7@slashdot.org,Lokoja,4537 Jay Crossing
+30 886 222 3136,Alain,Loram,aloram8@stanford.edu,Skála Oropoú,65 La Follette Avenue
+381 351 839 5581,Caron,Wardel,cwardel9@barnesandnoble.com,Gakovo,9 International Alley
+81 355 188 3459,Rog,David,rdavida@disqus.com,Kawagoe,562 Armistice Road
+62 600 656 3109,Sarena,Wetherburn,swetherburnb@uiuc.edu,Manonjaya,2 Truax Alley
+63 503 989 6128,Emmaline,MacNucator,emacnucatorc@slideshare.net,Calancuasan Norte,017 Bartelt Trail
+357 907 616 3612,Allissa,Featherston,afeatherstond@pagesperso-orange.fr,Ýpsonas,33975 Steensland Drive
+62 606 362 6985,Kelbee,Marcoolyn,kmarcoolyne@imgur.com,Bebekan,11423 Arapahoe Trail
+291 950 627 0912,Augustin,Whorlow,awhorlowf@disqus.com,Keren,3 Heffernan Junction
+62 157 658 6203,Vikky,Manie,vmanieg@sogou.com,Tempeh Tengah,2659 Union Parkway
+86 364 252 8115,Bethanne,Moultrie,bmoultrieh@wp.com,Hualong,90624 Nobel Point
+7 691 775 3494,Brose,Drayson,bdraysoni@naver.com,Bolotnoye,96 Spenser Lane
+234 903 544 2576,Jeffry,Kretschmer,jkretschmerj@zdnet.com,Warri,931 Killdeer Avenue
+86 499 634 9543,Edmund,Guitte,eguittek@taobao.com,Songyuan,13 South Trail
+46 205 359 8466,Ingaberg,Coolson,icoolsonl@usa.gov,Tyresö,5 Melody Plaza
+353 946 934 6881,Valentine,Flieger,vfliegerm@mashable.com,Muff,380 Steensland Hill
+62 574 590 9099,Carver,Baselli,cbasellin@imgur.com,Sorodot,843 Summit Crossing
+93 507 217 0697,Lane,Gudger,lgudgero@dailymail.co.uk,Khanabad,2 Ryan Crossing
+223 452 748 3535,Gay,Visick,gvisickp@cmu.edu,Kokofata,0 Hallows Way
+216 798 317 4662,Timmi,Farlowe,tfarloweq@princeton.edu,Gafsa,01 Kipling Crossing
+62 583 885 1114,Becca,Churchill,bchurchillr@homestead.com,Kota Ternate,4874 Spohn Drive
+48 682 432 2538,Laryssa,Bembridge,lbembridges@google.co.uk,Sośnicowice,5 Banding Road
+57 650 539 5145,Denice,Toma,dtomat@cyberchimps.com,Mompós,86 Eastwood Drive
+48 605 652 5278,Lincoln,Davidoff,ldavidoffu@senate.gov,Dziewin,52224 Sullivan Road
+593 919 106 5568,Gardy,Kingzeth,gkingzethv@slate.com,Eloy Alfaro,86168 Twin Pines Place
+86 699 969 8234,Mathew,Hills,mhillsw@weather.com,Huangchen,7795 Stone Corner Drive
+1 432 691 9578,Elle,Tyre,etyrex@upenn.edu,Odessa,7852 Monica Trail
+86 981 271 3479,Anjela,Brackenridge,abrackenridgey@furl.net,Yaotian,98796 Memorial Center
+46 399 278 4251,Petrina,Ebbing,pebbingz@xrea.com,Stockholm,96978 North Way
+1 863 693 9156,Art,Stoddard,astoddard10@disqus.com,Largo,7679 Mitchell Center
+54 167 772 6383,Melitta,Jura,mjura11@theguardian.com,Empedrado,85998 Granby Crossing
+380 956 900 1964,Nathanial,Eagling,neagling12@github.io,Vary,2 Dovetail Circle
+86 476 941 0828,Steven,Cleminson,scleminson13@springer.com,Gaopu,33416 Jackson Court
+27 636 368 9236,Melany,Gilbeart,mgilbeart14@cbsnews.com,Virginia,88572 Old Gate Alley
+599 331 808 2209,Meridel,Johanchon,mjohanchon15@nature.com,Willemstad,24 Northridge Circle
+86 757 583 5861,Towney,Trembley,ttrembley16@dion.ne.jp,Ronggui,9 Vernon Way
+86 946 873 6201,Stan,Shepherdson,sshepherdson17@github.com,Changchun,36037 Cascade Junction
+7 622 544 6467,Geoff,Radin,gradin18@cyberchimps.com,Donskoye,8 Delaware Point
+86 239 200 8822,Felicle,Pemberton,fpemberton19@sohu.com,Shangping,48 Lakewood Gardens Trail
+229 230 707 0555,Nady,Ellett,nellett1a@arstechnica.com,Tanguiéta,845 Haas Street
+86 159 587 1117,Karlie,Van der Hoven,kvanderhoven1b@mail.ru,Shiqiao,3577 Moulton Hill
+33 557 337 4470,Loree,Dailey,ldailey1c@cnbc.com,Coutances,45 Grim Point
+86 535 228 7064,Gizela,Blevin,gblevin1d@howstuffworks.com,Gaozhou,1 Kim Junction
+359 878 875 8695,Holt,Christie,hchristie1e@earthlink.net,Kaynardzha,27 Dixon Pass
+7 642 505 9319,Wilhelmina,Quinsee,wquinsee1f@example.com,Lorino,4 Fallview Court
+994 520 345 2056,Berrie,Garret,bgarret1g@cbc.ca,Basqal,05514 Old Gate Crossing
+33 314 613 2550,Nomi,Rubertelli,nrubertelli1h@pen.io,Niort,083 Anthes Place
+86 913 994 8206,Harlen,Isles,hisles1i@mlb.com,Banqiao,2 Carpenter Trail
+86 452 305 1040,Pavla,Hilliam,philliam1j@toplist.cz,Lijiang,43 Gulseth Trail
+86 602 168 8335,Elsy,Cheston,echeston1k@nasa.gov,Talin Hiag,8050 Declaration Way
+51 882 478 9689,Selig,Hapgood,shapgood1l@washington.edu,Requena,45228 Corben Alley
+504 924 704 7457,Clayborne,Hasel,chasel1m@youku.com,El Cubolero,07 Milwaukee Drive
+351 266 301 7608,Dan,Yearsley,dyearsley1n@bigcartel.com,Refojos de Riba de Ave,80352 Hayes Junction
+7 467 220 9036,Idaline,Smethurst,ismethurst1o@bluehost.com,Yelizavetinskoye,63 David Circle
+967 229 117 0952,Christin,Woffinden,cwoffinden1p@mashable.com,Ghayl Bā Wazīr,03859 Jenna Place
+370 391 723 2102,Mollie,Topliss,mtopliss1q@cnn.com,Prienai,13 Monument Court
+7 520 187 7262,Carlina,Bicknell,cbicknell1r@wikipedia.org,Reshetikha,3 Judy Crossing
+502 846 969 3965,Yolande,Marlor,ymarlor1s@hugedomains.com,Joyabaj,4 Sherman Crossing
+976 613 916 4546,Base,Pettyfar,bpettyfar1t@i2i.jp,Höshigiyn-Ar,674 Prairieview Hill
+66 149 901 5317,Caresa,Matthewson,cmatthewson1u@unblog.fr,Phu Kradueng,088 Claremont Terrace
+66 589 890 7501,Ellene,Frapwell,efrapwell1v@phoca.cz,Pho Thong,85 4th Point
+237 627 497 9838,Laurie,McElhinney,lmcelhinney1w@mtv.com,Bafang,66807 Sachs Terrace
+86 270 854 5707,Vic,MacRierie,vmacrierie1x@mlb.com,Puning,8303 Moland Park
+7 407 382 0019,Nellie,Viggers,nviggers1y@microsoft.com,Manzurka,94 Blaine Way
+7 342 115 9434,Elizabet,Brister,ebrister1z@discuz.net,Bograd,5685 Spaight Crossing
+33 627 993 6983,Brook,Surgood,bsurgood20@deliciousdays.com,Molsheim,4173 Macpherson Place
+66 558 975 0513,Emanuele,Wishkar,ewishkar21@angelfire.com,Ubon Ratchathani,4 Amoth Center
+34 852 325 8274,Dietrich,Adamkiewicz,dadamkiewicz22@toplist.cz,Ourense,3 John Wall Alley
+61 827 313 7667,Suzanna,Fontelles,sfontelles23@nature.com,Sydney,84 Dexter Crossing
+7 166 484 2113,Leah,Huc,lhuc24@thetimes.co.uk,Vladimir,25158 Pierstorff Park
+27 949 328 6515,Lexy,Assante,lassante25@1688.com,Virginia,587 Prairie Rose Crossing
+86 507 251 8216,Eleonore,Bowdidge,ebowdidge26@amazon.com,Hanji,7651 Merry Court
+351 196 808 8778,Ronica,Gyngyll,rgyngyll27@businesswire.com,Estreito Câmara de Lobos,6974 Luster Circle
+502 572 950 5340,Massimo,Tarburn,mtarburn28@guardian.co.uk,Cahabón,36 Anzinger Junction
+46 694 975 1967,Stanfield,Joyson,sjoyson29@facebook.com,Trollhättan,15079 David Center
+62 590 155 8817,Blondie,Praundl,bpraundl2a@elegantthemes.com,Umpak,1 Crownhardt Drive
+595 170 203 5956,Adaline,Haws,ahaws2b@unesco.org,Colonia Catuete,69 Delaware Place
+30 619 639 5414,Inga,Emby,iemby2c@ning.com,Ágios Spyrídon,4576 Hayes Point
+86 504 469 9175,Craggy,Lesley,clesley2d@de.vu,Jiantianjie,09 Chinook Circle
+62 399 130 9155,Chariot,Blench,cblench2e@twitter.com,Krajan,14625 Moland Place
+31 521 937 3429,Shalom,Fuidge,sfuidge2f@pen.io,Haarlem,2 Prairieview Trail
+976 677 437 6284,Leopold,Scathard,lscathard2g@delicious.com,Bulgan,0397 Rowland Terrace
+269 385 882 0011,Leontine,Muzzi,lmuzzi2h@chronoengine.com,Limbi,320 Monica Hill
+234 518 150 1929,Tresa,Voyce,tvoyce2i@apache.org,Ogoja,6950 Donald Point
+244 681 898 5761,Marlyn,Prazer,mprazer2j@cyberchimps.com,Caála,5 Straubel Park
+62 502 103 3423,Maurita,Elverston,melverston2k@weebly.com,Jalinan,636 Forster Street
+505 826 582 1848,Anastassia,Clemow,aclemow2l@netlog.com,Diriá,92765 Atwood Street
+1 682 222 2763,Alonso,Illidge,aillidge2m@elpais.com,Fort Worth,112 Atwood Point
+420 557 596 9196,Chauncey,Gaber,cgaber2n@istockphoto.com,Kamenný Přívoz,6 Reindahl Alley
+86 147 396 0233,Eugen,Bengtson,ebengtson2o@nih.gov,Haodian,94 Welch Center
+30 469 109 7480,Lou,Bonhill,lbonhill2p@eepurl.com,Pelasgía,905 Oneill Crossing
+33 159 649 5247,Ludovika,Rothermel,lrothermel2q@seesaa.net,Bonneuil-sur-Marne,4 Butterfield Alley
+86 953 925 9400,Sada,Siddon,ssiddon2r@amazonaws.com,Hexiangqiao,853 Gina Point